municipios;ibge;latitude;longitude;2010;2011;2012;2013;2014;2015;2016;2017;2018;2019;2020;2021
acegua;4300034;-31.860759999990;-54.167059999990;4.487;4.485;4.539;4.520;4.564;4.483;4.472;4.412;4.487;4.516;4.540;4.505
agua santa;4300059;-28.167200000000;-52.030999999990;3.801;3.789;3.858;3.898;3.959;3.922;3.977;4.013;4.057;4.107;4.093;4.256
agudo;4300109;-29.644700000000;-53.251500000000;17.057;16.791;16.731;16.838;16.851;16.701;16.595;16.475;16.537;16.556;16.760;16.612
ajuricaba;4300208;-28.234200000000;-53.775700000000;7.399;7.466;7.389;7.431;7.299;7.241;7.279;7.325;7.546;7.485;7.584;7.447
alecrim;4300307;-27.657900000000;-54.764899999990;7.176;7.092;7.074;6.891;6.814;6.598;6.594;6.569;6.513;6.435;6.301;6.403
alegrete;4300406;-29.790199999990;-55.794899999990;79.245;77.956;76.251;75.192;74.229;73.845;72.900;72.524;72.516;72.376;72.072;72.085
alegria;4300455;-27.834499999990;-54.055700000000;4.387;4.354;4.296;4.293;4.198;4.113;4.122;4.137;4.231;4.227;4.247;4.219
almirante tamandare do sul;4300471;-28.108599999990;-52.911900000000;2.105;2.011;1.981;1.981;2.003;2.031;2.048;2.085;2.083;2.072;2.052;2.074
alpestre;4300505;-27.250200000000;-53.034100000000;8.187;7.974;7.784;7.556;7.454;7.341;7.355;7.362;7.406;7.311;7.318;7.216
alto alegre;4300554;-28.776900000000;-52.989199999990;1.887;1.871;1.885;1.886;1.878;1.850;1.856;1.866;1.869;1.856;1.899;1.914
alto feliz;4300570;-29.391900000000;-51.312300000000;2.970;3.000;2.993;2.963;2.974;3.043;3.123;3.191;3.245;3.209;3.263;3.225
alvorada;4300604;-29.991399999990;-51.080900000000;200.051;202.454;205.660;208.464;210.438;211.417;212.721;213.396;212.901;211.533;210.275;209.157
amaral ferrador;4300638;-30.875599999990;-52.250999999990;6.493;6.456;6.349;6.303;6.302;6.347;6.370;6.300;6.330;6.364;6.428;6.439
ametista do sul;4300646;-27.360700000000;-53.183000000000;7.484;7.296;7.288;7.345;7.383;7.464;7.423;7.476;7.432;7.526;7.592;7.670
andre da rocha;4300661;-28.628299999990;-51.579700000000;1.243;1.235;1.225;1.228;1.213;1.218;1.208;1.211;1.215;1.220;1.241;1.244
anta gorda;4300703;-28.969799999990;-52.010199999990;6.189;6.086;6.185;6.239;6.273;6.323;6.433;6.558;6.614;6.677;6.787;6.785
antonio prado;4300802;-28.856500000000;-51.288300000000;13.080;12.982;12.873;12.800;12.781;12.899;13.013;12.969;12.878;12.873;13.188;13.462
arambare;4300851;-30.909300000000;-51.504600000000;3.770;3.768;3.781;3.868;3.847;3.858;3.857;3.905;3.877;3.880;3.880;3.920
ararica;4300877;-29.616800000000;-50.929099999990;4.969;4.990;5.178;5.309;5.472;5.542;5.663;5.701;5.811;5.935;6.039;6.189
aratiba;4300901;-27.397800000000;-52.297499999990;6.688;6.841;6.824;6.832;6.658;6.657;6.536;6.526;6.507;6.677;6.659;6.764
arroio do meio;4301008;-29.401399999990;-51.955700000000;19.146;19.235;19.626;19.726;20.257;20.467;20.918;21.012;21.528;21.927;22.565;23.133
arroio do padre;4301073;-31.431600000000;-52.417099999990;2.781;2.798;2.815;2.765;2.738;2.798;2.821;2.841;2.784;2.788;2.843;2.949
arroio do sal;4301057;-29.543900000000;-49.889499999990;7.902;8.150;8.286;8.528;8.828;9.285;9.582;9.854;10.093;10.185;10.416;10.598
arroio do tigre;4301206;-29.334800000000;-53.096600000000;12.914;12.834;12.810;12.560;12.523;12.711;12.967;13.134;13.068;12.998;12.744;12.704
arroio dos ratos;4301107;-30.087500000000;-51.727499999990;13.891;13.849;13.703;13.803;13.869;14.085;14.148;14.183;14.201;14.260;14.489;14.616
arroio grande;4301305;-32.232700000000;-53.086199999990;18.860;18.671;18.616;18.440;18.237;18.193;18.114;18.132;18.013;17.798;17.519;17.369
arvorezinha;4301404;-28.873699999990;-52.178100000000;10.436;10.480;10.485;10.258;10.150;10.118;10.221;10.253;10.317;10.293;10.409;10.547
augusto pestana;4301503;-28.517299999990;-53.988300000000;7.226;7.080;6.900;6.935;7.031;7.211;7.249;7.333;7.462;7.490;7.507;7.490
aurea;4301552;-27.693600000000;-52.050500000000;3.738;3.752;3.707;3.756;3.775;3.774;3.728;3.645;3.676;3.707;3.730;3.723
bage;4301602;-31.329699999990;-54.099899999990;119.252;119.469;119.816;119.444;118.983;118.682;119.056;119.539;120.104;121.069;121.233;121.321
balneario pinhal;4301636;-30.241900000000;-50.233600000000;11.090;11.237;11.392;11.766;12.099;12.474;12.674;12.938;13.216;13.416;13.674;13.852
barao;4301651;-29.372500000000;-51.494900000000;5.853;5.803;6.022;6.082;6.321;6.387;6.508;6.470;6.591;6.684;6.662;6.622
barao de cotegipe;4301701;-27.620799999990;-52.379800000000;6.658;6.608;6.684;6.688;6.753;6.752;6.924;6.922;6.916;6.808;6.773;6.839
barao do triunfo;4301750;-30.389099999990;-51.738399999990;7.173;7.168;7.134;7.082;7.070;6.975;6.977;7.007;7.019;6.836;6.647;6.554
barra do guarita;4301859;-27.192699999990;-53.710900000000;3.156;3.143;3.168;3.198;3.205;3.228;3.248;3.310;3.327;3.359;3.399;3.489
barra do quarai;4301875;-30.202900000000;-57.549700000000;4.102;4.025;3.998;3.902;3.902;3.893;3.984;4.134;4.273;4.274;4.217;4.180
barra do ribeiro;4301909;-30.293900000000;-51.301400000000;12.838;12.850;12.863;12.992;12.924;13.089;13.179;13.456;13.442;13.435;13.212;13.260
barra do rio azul;4301925;-27.406800000000;-52.408400000000;2.039;2.003;1.962;1.940;1.904;1.869;1.828;1.830;1.824;1.844;1.804;1.778
barra funda;4301958;-27.920500000000;-53.039099999990;2.409;2.398;2.439;2.413;2.449;2.459;2.547;2.571;2.621;2.634;2.670;2.704
barracao;4301800;-27.673900000000;-51.458599999990;5.466;5.432;5.353;5.264;5.141;5.174;5.097;5.092;5.013;5.121;5.066;5.089
barros cassal;4302006;-29.094700000000;-52.583599999990;11.379;11.229;11.165;11.046;10.919;10.865;10.681;10.624;10.542;10.494;10.512;10.455
benjamin constant do sul;4302055;-27.508600000000;-52.599499999990;2.358;2.377;2.333;2.331;2.321;2.349;2.350;2.331;2.271;2.192;2.182;2.203
bento goncalves;4302105;-29.166200000000;-51.516500000000;109.383;111.300;113.296;112.667;115.606;118.255;119.723;120.961;121.826;124.516;126.919;130.149
boa vista das missoes;4302154;-27.667100000000;-53.310200000000;2.155;2.109;2.092;2.041;2.061;2.091;2.107;2.100;2.064;2.077;2.066;2.089
boa vista do burica;4302204;-27.669300000000;-54.108199999990;6.702;6.722;6.702;6.700;6.706;6.723;6.782;6.927;7.118;7.218;7.304;7.331
boa vista do cadeado;4302220;-28.571600000000;-53.813800000000;2.487;2.468;2.421;2.492;2.491;2.497;2.432;2.459;2.519;2.497;2.407;2.337
boa vista do incra;4302238;-28.809200000000;-53.387400000000;2.471;2.465;2.447;2.453;2.461;2.458;2.396;2.468;2.494;2.551;2.505;2.504
boa vista do sul;4302253;-29.354399999990;-51.668700000000;2.824;2.896;2.938;3.001;2.987;2.993;3.015;2.956;3.014;3.088;3.139;3.165
bom jesus;4302303;-28.669699999990;-50.429499999990;11.775;11.724;11.667;11.466;11.300;11.194;11.244;11.371;11.501;11.525;11.605;11.695
bom principio;4302352;-29.485600000000;-51.354799999990;12.027;12.421;12.707;12.832;12.941;13.190;13.561;14.023;14.145;14.545;14.430;14.688
bom progresso;4302378;-27.539899999990;-53.871600000000;2.373;2.404;2.370;2.395;2.363;2.347;2.300;2.304;2.294;2.343;2.351;2.396
bom retiro do sul;4302402;-29.608599999990;-51.946399999990;11.704;12.010;12.061;12.185;12.128;12.295;12.420;12.630;12.739;12.939;13.171;13.344
boqueirao do leao;4302451;-29.304600000000;-52.428400000000;7.836;7.795;7.653;7.616;7.546;7.573;7.438;7.336;7.268;7.411;7.459;7.467
bossoroca;4302501;-28.729099999990;-54.903500000000;7.026;6.994;6.807;6.641;6.435;6.340;6.371;6.373;6.375;6.339;6.315;6.250
bozano;4302584;-28.367460000000;-53.772239999990;2.244;2.224;2.188;2.216;2.215;2.256;2.285;2.311;2.341;2.344;2.331;2.313
braga;4302600;-27.617300000000;-53.740499999990;3.784;3.756;3.717;3.704;3.663;3.714;3.666;3.723;3.731;3.758;3.719;3.725
brochier;4302659;-29.550100000000;-51.594499999990;4.765;4.697;4.729;4.669;4.806;4.814;4.912;4.985;5.087;5.169;5.130;5.349
butia;4302709;-30.117899999990;-51.960099999990;20.842;20.770;20.552;20.463;20.886;21.214;21.436;21.172;21.137;20.960;20.909;20.842
cacapava do sul;4302808;-30.514399999990;-53.482700000000;34.374;34.072;33.881;33.975;34.137;34.147;33.839;33.583;33.812;33.959;34.270;34.460
cacequi;4302907;-29.888300000000;-54.822000000000;13.964;13.789;13.506;13.368;12.998;12.916;12.807;12.756;12.493;12.433;12.462;12.694
cachoeira do sul;4303004;-30.033000000000;-52.892800000000;85.544;85.401;85.021;84.353;83.743;83.808;83.967;84.009;83.590;83.695;84.499;84.861
cachoeirinha;4303103;-29.947199999990;-51.101599999990;120.760;121.923;124.120;126.429;129.708;131.199;132.900;133.132;133.657;133.857;135.503;136.683
cacique doble;4303202;-27.766999999990;-51.659700000000;4.970;4.980;5.042;5.101;5.193;5.257;5.232;5.154;5.094;5.113;5.103;5.087
caibate;4303301;-28.290500000000;-54.645400000000;5.053;5.216;5.190;5.320;5.258;5.241;5.065;5.076;5.081;5.112;4.986;5.018
caicara;4303400;-27.279100000000;-53.425699999990;5.172;5.134;5.113;5.016;4.958;4.860;4.731;4.855;4.872;4.959;4.932;4.886
camaqua;4303509;-30.848900000000;-51.804299999990;64.076;63.950;64.324;64.448;64.831;65.502;65.723;65.293;65.268;65.826;66.521;66.321
camargo;4303558;-28.588000000000;-52.200299999990;2.644;2.615;2.564;2.656;2.730;2.780;2.773;2.836;2.899;2.978;2.996;2.989
cambara do sul;4303608;-29.047400000000;-50.146500000000;6.686;6.445;6.290;6.225;6.356;6.401;6.415;6.295;6.292;6.307;6.423;6.374
campestre da serra;4303673;-28.792600000000;-51.094099999990;3.311;3.224;3.234;3.331;3.367;3.339;3.292;3.292;3.310;3.291;3.267;3.247
campina das missoes;4303707;-27.988800000000;-54.841700000000;6.232;6.119;6.114;6.326;6.254;6.221;6.149;6.169;6.181;6.110;6.199;6.207
campinas do sul;4303806;-27.717400000000;-52.624800000000;5.613;5.569;5.655;5.655;5.659;5.692;5.729;5.818;5.852;5.908;5.873;5.855
campo bom;4303905;-29.674700000000;-51.060600000000;61.314;60.946;61.476;61.702;62.410;63.058;63.774;64.622;65.218;65.833;66.459;66.930
campo novo;4304002;-27.679200000000;-53.805199999990;5.572;5.495;5.422;5.285;5.304;5.231;5.207;5.185;5.207;5.165;5.110;5.085
campos borges;4304101;-28.887100000000;-53.000799999990;3.570;3.534;3.584;3.600;3.596;3.617;3.661;3.763;3.774;3.753;3.689;3.715
candelaria;4304200;-29.668399999990;-52.789499999990;30.791;30.681;30.566;30.567;30.447;30.516;30.690;30.643;30.649;30.430;30.397;30.186
candido godoi;4304309;-27.951499999990;-54.751700000000;6.664;6.539;6.388;6.328;6.311;6.527;6.563;6.655;6.587;6.728;6.684;6.725
candiota;4304358;-31.551500000000;-53.677300000000;8.968;8.967;8.969;8.989;9.074;9.103;9.186;9.290;9.450;9.440;9.430;9.435
canela;4304408;-29.356000000000;-50.811900000000;40.090;40.520;41.073;41.789;42.611;43.290;43.724;44.128;45.054;46.280;47.453;47.990
cangucu;4304507;-31.396000000000;-52.678199999990;54.357;54.099;54.131;53.864;53.780;53.552;53.214;53.161;53.121;53.164;53.022;53.161
canoas;4304606;-29.912800000000;-51.185699999990;330.718;333.267;338.457;343.688;348.619;352.046;354.565;355.918;357.168;359.562;362.337;365.364
canudos do vale;4304614;-29.318700000000;-52.234499999990;1.841;1.852;1.820;1.833;1.803;1.784;1.684;1.687;1.705;1.753;1.751;1.757
capao bonito do sul;4304622;-29.764199999990;-50.028199999990;1.792;1.863;1.947;2.020;2.036;2.008;2.009;1.989;2.015;1.982;1.973;1.952
capao da canoa;4304630;-29.639700000000;-49.959899999990;42.962;44.093;44.869;45.735;46.518;48.162;49.653;51.299;52.685;53.769;55.102;56.396
capao do cipo;4304655;-28.904000000000;-54.700000000000;3.169;3.139;3.091;3.074;3.067;3.114;3.191;3.225;3.233;3.152;3.191;3.198
capao do leao;4304663;-31.756499999990;-52.488900000000;24.837;25.168;25.264;25.229;25.447;25.792;26.044;26.189;26.524;27.002;27.170;27.105
capela de santana;4304689;-29.696100000000;-51.328000000000;11.866;11.842;11.878;12.179;12.433;12.600;12.514;12.534;12.559;12.716;12.944;13.084
capitao;4304697;-29.267399999990;-51.985300000000;2.687;2.694;2.739;2.829;2.884;2.911;3.033;3.048;3.090;3.045;3.119;3.185
capivari do sul;4304671;-30.138200000000;-50.515099999990;3.972;4.116;4.234;4.245;4.278;4.355;4.371;4.421;4.463;4.545;4.567;4.620
caraa;4304713;-29.786899999990;-50.431600000000;7.461;7.469;7.486;7.623;7.922;8.011;7.900;7.826;7.921;8.095;8.087;8.175
carazinho;4304705;-28.295800000000;-52.793300000000;60.545;61.002;61.550;62.307;62.647;63.096;62.873;62.860;62.704;63.291;63.843;64.757
carlos barbosa;4304804;-29.296900000000;-51.502899999990;25.683;26.085;26.019;26.315;26.858;27.838;28.793;29.182;29.886;30.563;31.285;31.709
carlos gomes;4304853;-27.716699999990;-51.912100000000;1.641;1.656;1.627;1.595;1.543;1.527;1.519;1.534;1.522;1.524;1.489;1.482
casca;4304903;-28.560500000000;-51.981499999990;8.813;8.712;8.746;8.597;8.719;8.685;8.834;9.049;9.225;9.298;9.222;9.366
caseiros;4304952;-28.258199999990;-51.686100000000;3.066;2.980;2.982;3.151;3.225;3.257;3.193;3.250;3.368;3.404;3.328;3.235
catuipe;4305009;-28.255400000000;-54.013199999990;9.505;9.494;9.527;9.553;9.519;9.366;9.203;9.207;9.324;9.360;9.447;9.483
caxias do sul;4305108;-29.162900000000;-51.179200000000;444.507;450.456;455.255;459.906;464.027;468.234;469.604;468.518;468.919;472.037;477.142;479.884
centenario;4305116;-27.761600000000;-51.998399999990;3.021;3.042;3.002;3.029;3.075;3.116;3.056;3.002;3.033;3.089;3.123;3.148
cerrito;4305124;-31.841899999990;-52.800400000000;6.531;6.554;6.404;6.398;6.321;6.246;6.140;6.092;6.043;6.062;6.007;6.133
cerro branco;4305132;-29.657000000000;-52.940600000000;4.543;4.499;4.431;4.380;4.430;4.450;4.445;4.469;4.318;4.283;4.102;4.128
cerro grande;4305157;-27.610600000000;-53.167200000000;2.465;2.465;2.450;2.460;2.457;2.471;2.474;2.508;2.533;2.561;2.598;2.670
cerro grande do sul;4305173;-30.590499999990;-51.741799999990;10.498;10.459;10.429;10.506;10.566;10.532;10.559;10.661;10.968;11.018;10.914;10.675
cerro largo;4305207;-28.146200000000;-54.742800000000;13.556;13.685;13.600;13.651;13.741;13.944;14.136;14.287;14.590;14.608;14.746;14.814
chapada;4305306;-28.055900000000;-53.066499999990;9.554;9.643;9.685;9.468;9.334;9.287;9.478;9.578;9.882;10.096;10.330;10.299
charqueadas;4305355;-29.962500000000;-51.628900000000;36.043;36.544;36.785;36.913;37.302;37.678;37.739;37.559;37.595;37.641;37.571;38.054
charrua;4305371;-27.949300000000;-52.015000000000;3.549;3.538;3.504;3.413;3.409;3.337;3.221;3.192;3.189;3.237;3.214;3.211
chiapetta;4305405;-27.922999999990;-53.941899999990;4.128;4.085;4.093;4.176;4.206;4.181;4.117;4.176;4.178;4.171;4.088;4.047
chui;4305439;-33.686599999990;-53.459400000000;6.053;5.971;5.935;5.915;5.983;6.038;6.015;5.919;5.930;6.008;6.003;5.869
chuvisca;4305447;-30.750399999990;-51.973700000000;5.055;5.026;5.033;5.061;5.141;5.171;5.165;5.136;5.141;5.197;5.203;5.242
cidreira;4305454;-30.160399999990;-50.233800000000;12.935;13.119;13.406;13.677;13.962;14.248;14.529;14.943;15.273;15.730;16.117;16.515
ciriaco;4305504;-28.341899999990;-51.874099999990;5.020;5.021;5.024;4.919;4.805;4.709;4.696;4.676;4.674;4.657;4.602;4.670
colinas;4305587;-29.381499999990;-51.852600000000;2.463;2.528;2.631;2.689;2.754;2.779;2.862;2.904;2.938;2.954;2.964;2.971
colorado;4305603;-28.525800000000;-52.992800000000;3.620;3.502;3.491;3.475;3.485;3.388;3.371;3.438;3.478;3.537;3.473;3.482
condor;4305702;-28.207500000000;-53.490499999990;6.691;6.484;6.104;6.112;6.117;6.051;6.487;6.832;7.157;7.206;7.271;7.277
constantina;4305801;-27.731999999990;-52.993800000000;9.951;10.072;10.127;10.241;10.174;10.225;10.218;10.298;10.451;10.745;10.780;10.805
coqueiro baixo;4305835;-29.172200000000;-52.098900000000;1.556;1.544;1.553;1.529;1.511;1.437;1.453;1.425;1.485;1.492;1.518;1.500
coqueiros do sul;4305850;-28.119399999990;-52.784199999990;2.503;2.427;2.451;2.464;2.437;2.392;2.369;2.383;2.369;2.355;2.332;2.392
coronel barros;4305871;-28.392199999990;-54.068600000000;2.502;2.630;2.705;2.769;2.740;2.750;2.738;2.813;2.837;2.880;2.886;2.908
coronel bicaco;4305900;-27.719700000000;-53.702199999990;7.912;7.797;7.688;7.641;7.492;7.394;7.271;7.278;7.404;7.398;7.488;7.477
coronel pilar;4305934;-29.268400000000;-51.687899999990;1.761;1.741;1.705;1.682;1.673;1.667;1.691;1.712;1.739;1.774;1.761;1.743
cotipora;4305959;-28.989100000000;-51.697099999990;3.985;3.929;3.907;3.876;3.768;3.796;3.828;3.906;3.903;3.960;3.959;3.967
coxilha;4305975;-28.128000000000;-52.302300000000;2.882;2.842;2.825;2.857;2.865;2.905;2.917;2.959;2.923;2.938;2.899;2.912
crissiumal;4306007;-27.499900000000;-54.099400000000;14.363;14.307;14.187;14.095;14.103;13.970;14.085;13.885;13.960;13.894;13.912;13.901
cristal;4306056;-31.004600000000;-52.043599999990;7.436;7.445;7.442;7.489;7.546;7.704;7.734;7.677;7.624;7.590;7.612;7.633
cristal do sul;4306072;-27.452000000000;-53.242199999990;2.881;2.880;2.872;2.854;2.836;2.838;2.830;2.832;2.897;2.912;2.948;2.885
cruz alta;4306106;-28.645000000000;-53.604799999990;64.134;63.962;63.935;63.114;62.631;62.035;61.769;61.563;61.700;61.800;62.006;62.386
cruzaltense;4306130;-27.664400000000;-52.649200000000;2.183;2.123;2.080;2.055;2.012;2.007;1.975;1.934;1.878;1.856;1.877;1.891
cruzeiro do sul;4306205;-29.514800000000;-51.992800000000;12.566;12.699;12.707;12.775;12.695;12.842;13.061;13.122;13.267;13.230;13.552;13.637
david canabarro;4306304;-28.384899999990;-51.848199999990;4.773;4.641;4.657;4.586;4.507;4.354;4.453;4.479;4.581;4.525;4.552;4.531
derrubadas;4306320;-27.264199999990;-53.864500000000;3.256;3.233;3.170;3.088;2.981;2.980;2.971;3.017;2.998;2.995;2.962;2.926
dezesseis de novembro;4306353;-28.219000000000;-55.061700000000;2.924;2.906;2.867;2.828;2.765;2.703;2.684;2.678;2.669;2.607;2.515;2.503
dilermando de aguiar;4306379;-29.705400000000;-54.212200000000;3.128;3.053;3.004;2.936;2.922;2.941;2.961;2.937;2.915;2.891;2.919;2.985
dois irmaos;4306403;-29.583600000000;-51.089799999990;28.130;28.869;29.680;30.224;30.565;30.988;31.613;32.138;32.614;32.913;33.417;33.479
dois irmaos das missoes;4306429;-27.662099999990;-53.530400000000;2.199;2.136;2.123;2.104;2.122;2.088;2.073;2.109;2.144;2.148;2.138;2.131
dois lajeados;4306452;-28.983000000000;-51.839599999990;3.341;3.240;3.274;3.233;3.251;3.235;3.296;3.324;3.387;3.460;3.509;3.539
dom feliciano;4306502;-30.700399999990;-52.102600000000;14.692;14.703;14.500;14.387;14.273;14.307;14.228;14.186;14.152;14.221;14.118;14.055
dom pedrito;4306601;-30.975600000000;-54.669400000000;39.712;39.677;39.580;38.837;38.496;37.793;37.723;37.364;37.452;37.154;37.006;36.422
dom pedro de alcantara;4306551;-29.363900000000;-49.853000000000;2.595;2.633;2.601;2.543;2.550;2.595;2.671;2.684;2.733;2.804;2.818;2.826
dona francisca;4306700;-29.619499999990;-53.361699999990;3.469;3.498;3.441;3.357;3.263;3.292;3.305;3.336;3.389;3.409;3.374;3.312
doutor ricardo;4306734;-27.510300000000;-54.357799999990;5.415;5.297;5.185;5.040;4.957;4.888;4.897;4.960;4.964;4.920;4.794;4.795
dr mauricio cardoso;4306759;-29.084000000000;-51.997100000000;2.068;2.040;1.989;1.953;1.955;1.987;2.009;2.006;2.000;1.989;1.991;1.952
eldorado do sul;4306767;-30.084700000000;-51.618699999990;35.106;35.708;36.370;36.756;37.335;37.618;38.144;38.498;38.988;39.286;40.104;41.221
encantado;4306809;-29.235099999990;-51.870300000000;20.912;20.924;21.098;21.416;21.788;22.004;22.205;22.476;22.673;23.028;23.226;23.543
encruzilhada do sul;4306908;-30.542999999990;-52.520400000000;25.054;25.125;24.990;24.883;24.472;24.037;24.046;24.084;24.178;24.086;23.802;23.591
engenho velho;4306924;-27.706000000000;-52.914499999990;1.562;1.550;1.553;1.593;1.585;1.570;1.555;1.527;1.521;1.501;1.511;1.498
entre ijuis;4306957;-27.529800000000;-52.734699999990;3.141;3.113;2.967;2.970;2.997;3.086;3.088;3.062;3.054;3.029;2.980;2.903
entre rios do sul;4306932;-28.368600000000;-54.268599999990;9.118;9.012;9.070;9.087;9.179;9.229;9.246;9.231;9.256;9.271;9.371;9.272
erebango;4306973;-27.854399999990;-52.300500000000;3.029;3.076;3.043;3.084;3.101;3.140;3.157;3.141;3.133;3.123;3.145;3.124
erechim;4307005;-27.636399999990;-52.269700000000;98.025;99.230;100.515;101.455;102.110;103.162;103.872;104.706;105.523;106.603;107.917;109.459
ernestina;4307054;-28.497699999990;-52.583599999990;3.152;3.153;3.107;3.079;3.094;3.126;3.159;3.172;3.159;3.134;3.134;3.137
erval grande;4307203;-27.392600000000;-52.573999999990;5.267;5.199;5.139;5.087;5.115;5.046;5.074;5.076;5.111;5.176;5.139;5.234
erval seco;4307302;-27.544300000000;-53.500500000000;8.045;7.955;7.910;7.813;7.770;7.729;7.657;7.599;7.525;7.456;7.402;7.515
esmeralda;4307401;-28.051800000000;-51.193300000000;3.234;3.188;3.225;3.175;3.209;3.176;3.210;3.205;3.272;3.321;3.281;3.291
esperanca do sul;4307450;-27.360299999990;-53.989100000000;3.339;3.298;3.258;3.305;3.300;3.316;3.273;3.273;3.279;3.269;3.279;3.279
espumoso;4307500;-28.728600000000;-52.846100000000;15.556;15.541;15.330;15.159;15.129;15.302;15.485;15.630;15.666;15.701;15.647;15.694
estacao;4307559;-27.913499999990;-52.263500000000;6.129;6.118;6.060;6.052;6.058;6.166;6.150;6.224;6.291;6.419;6.366;6.220
estancia velha;4307609;-29.653500000000;-51.184300000000;43.460;43.939;44.717;45.659;46.372;46.923;47.502;48.191;49.117;49.421;49.511;49.776
esteio;4307708;-29.852000000000;-51.184100000000;82.439;81.482;81.762;81.993;81.918;82.477;83.083;84.048;84.509;85.569;86.236;86.429
estrela;4307807;-29.501600000000;-51.960500000000;31.235;31.365;31.727;32.003;32.417;33.127;33.448;34.030;34.277;34.774;35.199;35.831
estrela velha;4307815;-29.171299999990;-53.163899999990;3.705;3.632;3.589;3.545;3.534;3.600;3.581;3.592;3.544;3.522;3.506;3.469
eugenio de castro;4307831;-28.531500000000;-54.150599999990;2.849;2.761;2.735;2.767;2.797;2.798;2.767;2.760;2.752;2.759;2.745;2.723
fagundes varela;4307864;-28.879400000000;-51.701400000000;2.626;2.650;2.683;2.667;2.668;2.659;2.694;2.716;2.772;2.766;2.736;2.710
farroupilha;4307906;-29.222700000000;-51.341900000000;64.909;65.042;66.118;66.823;67.892;68.457;69.034;69.598;70.485;71.608;72.214;72.410
faxinal do soturno;4308003;-29.578800000000;-53.448399999990;6.802;6.870;6.844;6.782;6.677;6.671;6.680;6.712;6.705;6.798;6.896;7.066
faxinalzinho;4308052;-27.423800000000;-52.678899999990;2.617;2.575;2.590;2.602;2.657;2.693;2.667;2.650;2.588;2.607;2.553;2.578
fazenda vila nova;4308078;-29.588500000000;-51.821700000000;3.775;3.842;3.959;4.021;4.155;4.251;4.344;4.373;4.400;4.474;4.482;4.570
feliz;4308102;-29.452700000000;-51.303199999990;12.597;12.876;13.095;13.182;13.371;13.503;13.642;13.692;13.914;14.095;14.333;14.501
flores da cunha;4308201;-29.026199999990;-51.187500000000;27.668;27.825;28.294;28.578;29.021;29.352;29.825;30.095;30.843;31.402;31.864;32.121
floriano peixoto;4308250;-27.861400000000;-52.083799999990;2.054;1.992;1.971;1.935;1.885;1.850;1.848;1.861;1.845;1.826;1.781;1.759
fontoura xavier;4308300;-28.981600000000;-52.344499999990;10.948;10.999;10.896;10.627;10.511;10.488;10.522;10.307;10.253;10.179;10.130;10.093
formigueiro;4308409;-30.003499999990;-53.495899999990;7.154;7.060;6.972;6.950;6.928;6.938;6.996;7.065;7.048;7.164;7.199;7.269
forquetinha;4308433;-29.379200000000;-52.091700000000;2.522;2.527;2.504;2.516;2.500;2.519;2.526;2.502;2.530;2.523;2.560;2.562
fortaleza dos valos;4308458;-28.798600000000;-53.224899999990;4.665;4.663;4.623;4.604;4.602;4.593;4.579;4.590;4.591;4.640;4.617;4.645
frederico westphalen;4308508;-27.358599999990;-53.395800000000;29.429;29.602;29.747;30.081;30.553;31.133;31.444;31.694;32.360;33.083;33.674;34.251
garibaldi;4308607;-29.259000000000;-51.535200000000;31.285;31.428;31.642;32.091;32.678;33.421;34.141;34.648;35.067;35.359;35.880;36.433
garruchos;4308656;-28.194400000000;-55.638300000000;3.302;3.330;3.296;3.174;3.060;2.944;2.939;2.906;2.940;2.976;2.907;2.924
gaurama;4308706;-27.585599999990;-52.091500000000;5.977;5.885;5.881;5.854;5.871;5.843;5.833;5.797;5.716;5.742;5.748;5.850
general camara;4308805;-29.903199999990;-51.761200000000;8.622;8.615;8.577;8.558;8.483;8.557;8.549;8.542;8.424;8.426;8.386;8.381
gentil;4308854;-28.431600000000;-52.033700000000;1.712;1.753;1.785;1.861;1.911;1.948;1.964;1.948;1.927;1.873;1.906;1.938
getulio vargas;4308904;-27.891100000000;-52.229399999990;16.473;16.466;16.884;16.869;16.946;16.920;17.165;17.240;17.340;17.308;17.313;17.647
girua;4309001;-28.029699999990;-54.351700000000;17.422;17.157;17.030;16.781;16.669;16.484;16.429;16.382;16.206;16.172;16.172;16.249
glorinha;4309050;-29.879799999990;-50.773400000000;7.030;7.138;7.216;7.294;7.347;7.482;7.553;7.766;7.839;7.951;7.908;8.047
gramado;4309100;-29.373300000000;-50.876199999990;32.940;33.352;33.876;34.359;34.985;35.792;36.399;37.225;37.848;38.736;39.373;39.621
gramado dos loureiros;4309126;-27.442900000000;-52.914900000000;2.316;2.339;2.342;2.306;2.314;2.328;2.385;2.406;2.467;2.515;2.553;2.541
gramado xavier;4309159;-29.270600000000;-52.579500000000;4.060;3.983;3.897;3.868;3.840;3.887;3.917;3.969;4.019;4.050;4.015;3.941
gravatai;4309209;-29.941299999990;-50.986899999990;261.144;263.021;265.681;268.893;270.678;272.789;274.781;276.699;277.273;277.905;277.486;277.949
guabiju;4309258;-28.542100000000;-51.694800000000;1.628;1.597;1.558;1.539;1.556;1.589;1.615;1.629;1.600;1.607;1.550;1.568
guaiba;4309308;-30.108599999990;-51.323300000000;97.225;97.792;99.019;99.615;99.945;100.109;100.536;100.963;100.677;100.072;99.226;99.202
guapore;4309407;-28.839900000000;-51.889499999990;23.265;23.532;23.990;24.221;24.792;25.008;25.403;25.676;26.121;26.547;27.042;27.455
guarani das missoes;4309506;-28.149100000000;-54.562899999990;8.278;8.253;8.373;8.351;8.258;8.081;8.082;8.075;8.044;7.920;7.877;7.932
harmonia;4309555;-29.545600000000;-51.418500000000;4.336;4.384;4.483;4.677;4.745;4.767;4.832;4.839;4.922;5.007;5.132;5.292
herval;4307104;-32.024000000000;-53.394399999990;6.899;6.825;6.691;6.497;6.557;6.482;6.574;6.557;6.647;6.631;6.595;6.625
herveiras;4309571;-29.455200000000;-52.655299999990;3.017;3.047;3.016;2.978;2.891;2.847;2.873;2.858;2.903;2.944;2.983;2.969
horizontina;4309605;-27.628200000000;-54.305300000000;18.714;18.566;18.378;18.511;18.689;19.082;19.195;19.620;19.681;20.014;20.010;20.253
hulha negra;4309654;-31.406700000000;-53.866700000000;6.183;6.148;6.069;5.976;5.974;5.983;6.084;6.154;6.112;5.969;5.818;5.857
humaita;4309704;-27.569099999990;-53.969499999990;5.014;4.998;4.975;4.980;4.961;4.963;4.944;5.015;4.968;5.010;4.973;5.025
ibarama;4309753;-29.420300000000;-53.129500000000;4.466;4.411;4.334;4.281;4.239;4.250;4.310;4.293;4.327;4.235;4.216;4.132
ibiaca;4309803;-28.056600000000;-51.859900000000;4.800;4.858;4.851;4.870;4.844;4.897;4.822;4.810;4.809;4.888;4.933;4.931
ibiraiaras;4309902;-28.374099999990;-51.637700000000;7.320;7.601;8.016;8.373;8.343;8.294;8.259;8.289;8.298;8.285;8.182;8.104
ibirapuita;4309951;-28.624700000000;-52.515799999990;4.148;4.149;4.165;4.147;4.072;4.046;3.977;3.969;3.968;4.007;3.976;3.974
ibiruba;4310009;-28.630199999990;-53.096100000000;19.694;19.621;19.855;20.168;20.440;20.619;20.650;21.000;21.257;21.750;22.046;22.457
igrejinha;4310108;-29.569299999990;-50.791899999990;32.329;32.620;33.097;33.234;33.343;33.466;33.646;34.254;34.909;35.603;36.352;36.922
ijui;4310207;-28.388100000000;-53.920000000000;80.514;81.748;82.822;83.907;84.749;85.596;86.619;87.585;88.467;88.301;88.879;89.067
ilopolis;4310306;-28.928200000000;-52.125799999990;4.185;4.202;4.182;4.054;4.033;4.040;4.153;4.252;4.264;4.269;4.195;4.168
imbe;4310330;-29.975300000000;-50.128100000000;18.048;18.485;19.009;19.538;20.212;20.979;21.626;22.329;23.050;23.728;24.487;25.056
imigrante;4310363;-29.350800000000;-51.774700000000;3.081;3.096;3.164;3.221;3.230;3.224;3.202;3.249;3.317;3.403;3.454;3.490
independencia;4310405;-27.835400000000;-54.188600000000;6.755;6.812;6.803;6.972;6.987;6.883;6.834;6.852;6.918;6.853;6.719;6.665
inhacora;4310413;-27.875200000000;-54.015000000000;2.310;2.353;2.346;2.341;2.361;2.336;2.298;2.234;2.246;2.302;2.308;2.294
ipe;4310439;-28.817100000000;-51.285899999990;6.134;6.054;6.104;6.077;6.156;6.200;6.131;6.128;6.043;6.042;5.974;6.025
ipiranga do sul;4310462;-27.940400000000;-52.427100000000;1.981;1.964;1.957;1.933;1.920;1.919;1.914;1.902;1.903;1.960;1.961;1.996
irai;4310504;-27.195100000000;-53.254300000000;8.247;8.188;8.031;7.935;7.978;8.025;8.008;7.905;7.906;7.873;7.947;8.036
itaara;4310538;-29.601299999990;-53.772500000000;5.116;5.095;5.104;5.099;5.169;5.220;5.220;5.180;5.189;5.294;5.399;5.549
itacurubi;4310553;-28.791300000000;-55.244700000000;3.515;3.480;3.467;3.458;3.401;3.337;3.252;3.197;3.200;3.199;3.196;3.224
itapuca;4310579;-28.776800000000;-52.169300000000;2.393;2.380;2.381;2.367;2.321;2.289;2.253;2.246;2.190;2.166;2.168;2.219
itaqui;4310603;-29.131000000000;-56.551499999990;38.999;39.108;38.617;38.116;37.490;37.336;37.175;37.216;37.127;36.694;36.482;36.263
itati;4310652;-29.488320000000;-50.113579999990;2.637;2.669;2.637;2.613;2.612;2.616;2.695;2.707;2.781;2.785;2.796;2.840
itatiba do sul;4310702;-27.384599999990;-52.453800000000;4.254;4.173;4.151;3.977;3.901;3.779;3.755;3.658;3.678;3.649;3.582;3.518
ivora;4310751;-29.523199999990;-53.584200000000;2.197;2.152;2.106;2.123;2.102;2.098;2.066;2.075;2.070;2.081;2.060;2.079
ivoti;4310801;-29.599499999990;-51.153300000000;20.278;20.614;20.987;21.441;21.794;22.207;22.666;23.053;23.347;23.571;23.835;23.925
jaboticaba;4310850;-27.634699999990;-53.276200000000;4.186;4.042;3.949;3.875;3.929;3.987;4.007;4.016;3.973;3.970;3.994;4.072
jacuizinho;4310876;-29.021999999990;-53.053699999990;2.558;2.651;2.691;2.692;2.660;2.607;2.535;2.498;2.523;2.544;2.608;2.616
jacutinga;4310900;-27.729099999990;-52.537199999990;3.702;3.709;3.582;3.570;3.539;3.505;3.511;3.505;3.578;3.714;3.762;3.807
jaguarao;4311007;-32.560400000000;-53.377000000000;28.509;28.423;28.096;27.710;27.745;27.767;27.715;27.589;27.393;27.336;27.403;27.574
jaguari;4311106;-29.493600000000;-54.703000000000;11.688;11.434;11.250;11.078;10.799;10.686;10.419;10.406;10.234;10.234;10.331;10.461
jaquirana;4311122;-28.881100000000;-50.363700000000;4.274;4.172;4.152;4.033;4.064;4.105;4.177;4.138;4.065;4.079;4.088;4.114
jari;4311130;-29.292200000000;-54.223700000000;3.645;3.679;3.643;3.560;3.469;3.458;3.419;3.461;3.438;3.517;3.512;3.510
joia;4311155;-28.643500000000;-54.114100000000;8.510;8.508;8.385;8.315;8.254;8.214;8.147;8.037;8.021;7.958;7.937;7.788
julio de castilhos;4311205;-29.229800000000;-53.677199999990;19.993;19.836;19.443;19.239;19.128;19.152;18.937;18.898;18.840;18.940;18.827;18.892
lagoa bonita do sul;4311239;-29.488199999990;-53.013800000000;2.719;2.679;2.670;2.648;2.722;2.795;2.809;2.787;2.734;2.703;2.649;2.610
lagoa dos tres cantos;4311270;-28.567599999990;-52.861800000000;1.634;1.741;1.770;1.820;1.790;1.819;1.853;1.857;1.878;1.850;1.949;1.986
lagoa vermelha;4311304;-28.209299999990;-51.524799999990;28.095;27.886;27.553;27.372;27.387;27.562;27.603;27.834;27.678;27.660;27.726;27.970
lagoao;4311254;-29.234800000000;-52.799700000000;6.322;6.115;6.078;6.024;6.054;5.893;5.825;5.768;5.780;5.730;5.681;5.746
lajeado;4311403;-29.459099999990;-51.964399999990;72.888;74.001;75.561;77.918;79.639;82.010;83.834;85.929;88.261;90.944;92.843;94.929
lajeado do bugre;4311429;-27.691299999990;-53.181800000000;2.540;2.551;2.518;2.481;2.437;2.442;2.455;2.500;2.510;2.544;2.570;2.649
lavras do sul;4311502;-30.807099999990;-53.893099999990;7.840;7.707;7.592;7.431;7.332;7.328;7.289;7.273;7.136;7.190;7.180;7.204
liberato salzano;4311601;-27.600999999990;-53.075299999990;5.900;5.937;5.843;5.803;5.805;5.734;5.683;5.671;5.762;5.709;5.552;5.491
lindolfo collor;4311627;-29.585899999990;-51.214100000000;5.343;5.448;5.539;5.680;5.801;5.907;5.961;5.970;6.070;6.149;6.229;6.301
linha nova;4311643;-29.467900000000;-51.200299999990;1.658;1.703;1.710;1.724;1.733;1.789;1.845;1.869;1.910;1.880;1.843;1.784
macambara;4311718;-29.144500000000;-56.067399999990;4.839;4.724;4.684;4.545;4.461;4.309;4.409;4.460;4.553;4.544;4.575;4.599
machadinho;4311700;-27.566700000000;-51.666800000000;5.627;5.638;5.655;5.769;5.750;5.821;5.784;5.912;5.939;5.962;5.871;5.799
mampituba;4311734;-29.213600000000;-49.931100000000;3.068;3.050;3.002;2.951;2.910;3.000;3.065;3.152;3.182;3.221;3.277;3.332
manoel viana;4311759;-29.585899999990;-55.484099999990;7.218;7.135;7.065;6.891;6.771;6.735;6.614;6.660;6.639;6.680;6.669;6.637
maquine;4311775;-29.679800000000;-50.207900000000;7.046;6.950;6.818;6.710;6.810;6.865;6.872;6.805;6.914;6.962;6.994;7.014
marata;4311791;-29.545700000000;-51.557299999990;2.573;2.579;2.577;2.540;2.503;2.560;2.632;2.697;2.721;2.736;2.757;2.748
marau;4311809;-28.449800000000;-52.198599999990;37.108;37.915;38.610;38.873;39.445;40.079;40.648;41.170;42.183;43.028;43.979;44.785
marcelino ramos;4311908;-27.467600000000;-51.909500000000;5.233;5.222;5.047;4.920;4.895;4.883;4.906;4.873;4.927;4.897;4.801;4.718
mariana pimentel;4311981;-30.353100000000;-51.580300000000;3.846;3.805;3.834;3.840;3.837;3.891;3.964;4.017;4.080;4.071;4.105;4.076
mariano moro;4312005;-27.356800000000;-52.146700000000;2.251;2.184;2.219;2.223;2.238;2.210;2.185;2.108;2.027;2.081;2.097;2.098
marques de souza;4312054;-29.331099999990;-52.097299999990;4.146;4.256;4.306;4.375;4.362;4.371;4.326;4.228;4.172;4.169;4.226;4.290
mata;4312104;-29.564900000000;-54.464100000000;5.210;5.145;5.095;4.934;4.885;4.816;4.747;4.727;4.786;4.851;4.774;4.695
mato castelhano;4312138;-28.280000000000;-52.193199999990;2.516;2.499;2.538;2.534;2.585;2.551;2.561;2.554;2.614;2.591;2.623;2.643
mato leitao;4312153;-29.528500000000;-52.127800000000;3.941;3.994;4.158;4.265;4.416;4.489;4.519;4.549;4.557;4.704;4.784;4.895
mato queimado;4312179;-28.247500000000;-54.619199999990;1.839;1.887;1.880;1.875;1.878;1.907;1.926;1.910;1.901;1.872;1.882;1.881
maximiliano de almeida;4312203;-27.632500000000;-51.802100000000;5.010;4.939;4.910;4.900;4.836;4.764;4.607;4.626;4.616;4.702;4.702;4.629
minas do leao;4312252;-30.134599999990;-52.042299999990;7.796;7.764;7.818;7.849;7.987;7.966;7.972;7.912;7.935;7.998;7.997;7.960
miraguai;4312302;-27.497000000000;-53.689100000000;4.956;4.961;5.024;5.113;5.191;5.221;5.237;5.234;5.277;5.330;5.412;5.448
montauri;4312351;-28.646200000000;-52.076700000000;1.574;1.562;1.566;1.524;1.541;1.567;1.575;1.590;1.586;1.627;1.611;1.617
monte alegre dos campos;4312377;-28.680499999990;-50.783400000000;3.168;3.185;3.164;3.141;3.157;3.193;3.239;3.231;3.229;3.215;3.192;3.217
monte belo do sul;4312385;-29.160699999990;-51.633299999990;2.715;2.803;2.766;2.755;2.713;2.753;2.724;2.709;2.789;2.887;2.949;2.967
montenegro;4312401;-29.682400000000;-51.467900000000;60.658;61.065;61.361;61.993;62.860;64.093;65.034;66.107;66.596;67.093;67.184;67.857
mormaco;4312427;-28.696800000000;-52.699900000000;2.803;2.849;2.840;2.844;2.898;2.958;2.949;2.972;2.960;3.001;2.927;2.954
morrinhos do sul;4312443;-29.357800000000;-49.932800000000;3.242;3.180;3.242;3.263;3.304;3.240;3.270;3.351;3.440;3.427;3.407;3.409
morro redondo;4312450;-31.588699999990;-52.626100000000;6.349;6.358;6.306;6.219;6.252;6.361;6.470;6.545;6.621;6.601;6.594;6.519
morro reuter;4312476;-29.537900000000;-51.081099999990;5.784;5.855;5.973;6.096;6.190;6.175;6.204;6.166;6.341;6.533;6.661;6.634
mostardas;4312500;-31.105399999990;-50.916699999990;12.377;12.320;12.302;12.239;12.226;12.321;12.485;12.590;12.486;12.494;12.439;12.582
mucum;4312609;-29.163000000000;-51.871400000000;4.882;4.899;4.800;4.927;5.016;5.107;5.152;5.243;5.292;5.310;5.271;5.174
muitos capoes;4312617;-28.313199999990;-51.183599999990;3.053;3.042;2.987;2.978;3.004;3.050;3.080;3.095;3.153;3.103;3.087;3.002
muliterno;4312625;-28.325299999990;-51.769700000000;1.850;1.867;1.906;1.895;1.888;1.893;1.956;2.007;2.022;1.998;1.967;1.992
nao-me-toque;4312658;-28.454799999990;-52.818199999990;16.250;16.424;16.604;16.844;17.052;17.375;17.636;17.932;17.962;18.191;18.466;18.866
nicolau vergueiro;4312674;-28.529800000000;-52.467599999990;1.759;1.762;1.743;1.751;1.767;1.816;1.829;1.869;1.901;1.944;1.960;1.981
nonoai;4312708;-27.368900000000;-52.775599999990;12.331;12.228;12.030;11.881;11.869;11.994;12.176;12.293;12.379;12.441;12.558;12.747
nova alvorada;4312757;-28.682200000000;-52.163100000000;3.249;3.269;3.312;3.339;3.365;3.412;3.448;3.428;3.458;3.468;3.483;3.509
nova araca;4312807;-28.653700000000;-51.745800000000;4.076;4.151;4.264;4.353;4.435;4.626;4.827;4.972;5.059;5.192;5.427;5.595
nova bassano;4312906;-28.729099999990;-51.707200000000;9.013;9.094;9.065;9.004;8.947;9.000;9.002;9.023;9.058;9.112;9.135;9.296
nova boa vista;4312955;-27.992599999990;-52.978400000000;1.998;1.997;2.048;2.083;2.115;2.097;2.125;2.116;2.120;2.105;2.088;2.115
nova brescia;4313003;-29.218200000000;-52.031900000000;3.245;3.276;3.383;3.405;3.461;3.408;3.337;3.275;3.305;3.376;3.274;3.234
nova candelaria;4313011;-27.613700000000;-54.107399999990;2.798;2.832;2.864;2.831;2.846;2.819;2.883;2.942;3.062;3.152;3.165;3.140
nova esperanca do sul;4313037;-29.406600000000;-54.829300000000;4.762;4.778;4.779;4.739;4.729;4.742;4.850;4.903;4.966;4.979;5.032;5.057
nova hartz;4313060;-29.580700000000;-50.905099999990;18.751;18.883;19.178;19.288;19.327;19.447;19.624;20.029;20.175;20.362;20.474;20.899
nova padua;4313086;-29.027500000000;-51.309800000000;2.495;2.481;2.462;2.451;2.480;2.540;2.594;2.633;2.641;2.691;2.672;2.657
nova palma;4313102;-29.471000000000;-53.468899999990;6.471;6.415;6.425;6.328;6.346;6.291;6.205;6.177;6.084;6.045;6.022;6.043
nova petropolis;4313201;-29.374099999990;-51.113500000000;19.417;19.705;19.688;20.115;20.398;21.003;21.570;22.066;22.400;22.735;23.033;23.343
nova prata;4313300;-28.779900000000;-51.611300000000;23.281;23.444;23.786;24.120;24.465;24.838;25.170;25.371;25.850;26.206;26.943;27.266
nova ramada;4313334;-28.066700000000;-53.699199999990;2.481;2.465;2.477;2.434;2.449;2.440;2.439;2.473;2.455;2.419;2.372;2.398
nova roma do sul;4313359;-28.988199999990;-51.409500000000;3.409;3.470;3.540;3.570;3.593;3.587;3.639;3.657;3.670;3.790;3.861;3.914
nova santa rita;4313375;-29.852499999990;-51.283700000000;23.226;23.336;24.120;24.860;25.676;26.256;26.771;27.115;27.414;27.685;28.267;29.181
novo barreiro;4313490;-27.907699999990;-53.110300000000;4.060;4.048;4.078;4.028;4.063;4.077;4.131;4.183;4.199;4.265;4.261;4.288
novo cabrais;4313391;-29.733799999990;-52.948900000000;3.933;3.913;3.935;3.851;3.804;3.696;3.674;3.667;3.796;3.879;3.992;3.990
novo hamburgo;4313409;-29.687600000000;-51.132800000000;243.912;246.489;248.236;248.946;248.254;249.504;249.744;250.292;249.721;251.147;252.964;254.190
novo machado;4313425;-27.576499999990;-54.503599999990;4.001;3.883;3.759;3.656;3.615;3.582;3.552;3.558;3.645;3.631;3.621;3.583
novo tiradentes;4313441;-27.564900000000;-53.183700000000;2.321;2.273;2.231;2.215;2.243;2.236;2.223;2.251;2.264;2.260;2.316;2.433
novo xingu;4313466;-27.743099999990;-53.061599999990;1.791;1.765;1.746;1.750;1.784;1.847;1.877;1.879;1.895;1.926;1.932;1.909
osorio;4313508;-29.888100000000;-50.266700000000;41.755;42.447;42.773;43.306;43.637;44.099;44.803;45.286;46.123;46.208;46.857;47.141
paim filho;4313607;-27.707500000000;-51.762999999990;4.326;4.301;4.249;4.224;4.160;4.073;4.021;3.986;4.021;4.012;4.006;3.939
palmares do sul;4313656;-30.253499999990;-50.510300000000;11.189;11.231;11.192;11.284;11.402;11.478;11.657;11.812;12.004;12.023;12.126;12.339
palmeira das missoes;4313706;-27.900600000000;-53.313400000000;35.062;34.907;34.799;34.332;34.378;34.351;34.560;34.824;34.855;35.084;35.040;35.311
palmitinho;4313805;-27.359600000000;-53.558000000000;7.061;7.068;6.948;6.975;7.033;7.164;7.239;7.298;7.339;7.360;7.417;7.587
panambi;4313904;-28.283300000000;-53.502299999990;38.848;39.712;40.416;40.987;41.413;41.959;42.596;43.351;43.650;43.932;44.173;44.664
pantano grande;4313953;-30.190100000000;-52.372900000000;10.108;9.978;10.077;10.085;10.049;9.972;9.988;10.101;10.150;10.208;10.093;9.997
parai;4314001;-28.596399999990;-51.789600000000;6.944;6.905;7.004;7.055;7.086;7.132;7.363;7.478;7.568;7.455;7.579;7.659
paraiso do sul;4314027;-29.671700000000;-53.143999999990;7.487;7.408;7.328;7.314;7.315;7.382;7.503;7.539;7.572;7.455;7.508;7.538
pareci novo;4314035;-29.636500000000;-51.397399999990;3.581;3.698;3.831;3.928;4.008;4.069;4.139;4.164;4.177;4.266;4.381;4.588
parobe;4314050;-29.624300000000;-50.831200000000;52.622;52.974;53.439;53.549;53.907;53.985;54.299;54.465;55.423;56.134;56.895;57.289
passa sete;4314068;-29.457699999990;-52.959899999990;5.267;5.257;5.209;5.041;5.040;4.983;4.862;4.810;4.738;4.758;4.665;4.653
passo do sobrado;4314076;-29.748000000000;-52.274799999990;6.131;6.240;6.353;6.365;6.286;6.235;6.259;6.313;6.347;6.417;6.491;6.591
passo fundo;4314100;-28.257600000000;-52.409100000000;188.684;191.450;192.891;194.001;194.544;195.273;197.494;199.346;202.344;205.054;207.594;210.339
paulo bento;4314134;-27.697800000000;-52.426099999990;2.239;2.241;2.196;2.174;2.116;2.095;2.105;2.154;2.178;2.238;2.231;2.245
paverama;4314159;-29.548500000000;-51.733899999990;8.205;8.299;8.392;8.579;8.676;8.842;8.861;8.854;8.952;9.146;9.306;9.303
pedras altas;4314175;-31.721699999990;-53.583799999990;2.258;2.195;2.116;2.109;2.058;2.065;2.060;2.067;2.048;2.002;1.978;1.964
pedro osorio;4314209;-31.864200000000;-52.818399999990;7.972;7.883;7.848;7.854;7.929;7.972;7.990;7.984;7.941;7.856;7.835;7.920
pejucara;4314308;-28.428300000000;-53.657899999990;4.055;4.067;4.092;4.065;3.981;3.940;3.854;3.903;3.959;4.061;4.093;4.093
pelotas;4314407;-31.764900000000;-52.337100000000;334.912;337.402;337.649;338.950;338.270;337.975;338.004;338.766;340.630;341.389;342.090;342.221
picada cafe;4314423;-29.446400000000;-51.136699999990;5.283;5.341;5.452;5.471;5.536;5.538;5.586;5.602;5.687;5.845;5.832;5.882
pinhal;4314456;-27.507999999990;-53.208199999990;2.562;2.551;2.541;2.554;2.581;2.609;2.573;2.606;2.640;2.749;2.841;2.940
pinhal da serra;4314464;-27.863399999990;-51.170200000000;2.173;2.247;2.279;2.286;2.271;2.255;2.211;2.179;2.173;2.186;2.180;2.161
pinhal grande;4314472;-29.344999999990;-53.320700000000;4.563;4.542;4.477;4.369;4.354;4.321;4.301;4.277;4.210;4.105;3.940;3.906
pinheirinho do vale;4314498;-27.210899999990;-53.607999999990;4.590;4.500;4.503;4.427;4.411;4.410;4.516;4.598;4.647;4.653;4.696;4.860
pinheiro machado;4314506;-31.579400000000;-53.379800000000;13.037;12.950;12.718;12.420;12.102;11.946;11.943;11.997;11.947;11.880;11.605;11.380
pinto bandeira;4314548;-29.000000000000;-54.000000000000;-;-;-;2.836;2.909;2.978;3.014;3.043;3.065;3.132;3.194;3.275
pirapo;4314555;-28.043900000000;-55.200099999990;2.811;2.757;2.689;2.669;2.654;2.631;2.605;2.571;2.610;2.596;2.549;2.504
piratini;4314605;-31.447299999990;-53.097299999990;20.245;20.081;19.659;19.473;19.408;19.305;19.100;19.082;18.990;18.737;18.323;18.290
planalto;4314704;-27.329699999990;-53.057500000000;10.742;10.774;10.861;10.674;10.593;10.456;10.408;10.487;10.623;10.593;10.562;10.608
poco das antas;4314753;-29.448100000000;-51.671900000000;2.057;2.134;2.126;2.096;2.087;2.101;2.143;2.136;2.216;2.277;2.325;2.313
pontao;4314779;-28.058499999990;-52.679099999990;3.938;3.890;3.841;3.821;3.770;3.740;3.753;3.763;3.797;3.844;3.803;3.779
ponte preta;4314787;-27.658700000000;-52.484800000000;1.786;1.746;1.682;1.638;1.620;1.643;1.657;1.714;1.736;1.767;1.777;1.806
portao;4314803;-29.701499999990;-51.242899999990;31.585;31.895;32.394;32.900;33.662;34.395;34.865;35.058;35.388;35.521;36.027;36.535
porto alegre;4314902;-30.032778000000;-51.230000000000;1.437.588;1.445.787;1.454.435;1.464.037;1.467.525;1.465.428;1.464.231;1.468.301;1.465.430;1.460.238;1.453.230;1.444.714
porto lucena;4315008;-27.856900000000;-55.009999999990;5.515;5.471;5.425;5.389;5.294;5.166;5.070;5.066;5.101;5.091;5.029;5.001
porto maua;4315057;-27.579599999990;-54.665700000000;2.587;2.548;2.568;2.529;2.508;2.459;2.469;2.395;2.410;2.407;2.464;2.487
porto vera cruz;4315073;-27.740500000000;-54.899400000000;1.887;1.810;1.762;1.685;1.652;1.661;1.655;1.653;1.634;1.641;1.626;1.608
porto xavier;4315107;-27.908200000000;-55.137900000000;10.772;10.825;10.709;10.531;10.517;10.588;10.573;10.474;10.405;10.506;10.557;10.539
pouso novo;4315131;-29.173800000000;-52.213600000000;1.913;1.836;1.758;1.709;1.707;1.745;1.767;1.799;1.830;1.841;1.825;1.789
presidente lucena;4315149;-29.517600000000;-51.179800000000;2.528;2.589;2.606;2.693;2.706;2.754;2.858;2.975;3.099;3.112;3.165;3.144
progresso;4315156;-29.244199999990;-52.319699999990;6.288;6.071;5.991;5.764;5.741;5.757;5.782;5.785;5.813;5.840;5.819;5.808
protasio alves;4315172;-28.757200000000;-51.475700000000;2.037;2.016;2.060;2.080;2.087;2.125;2.124;2.166;2.153;2.156;2.110;2.082
putinga;4315206;-29.004500000000;-52.156900000000;4.220;4.126;4.086;3.989;4.013;4.023;4.063;4.066;4.132;4.130;4.127;4.028
quarai;4315305;-30.384000000000;-56.448300000000;23.517;23.252;22.994;22.775;22.827;22.649;22.556;22.701;22.780;22.727;22.657;22.967
quatro irmaos;4315313;-27.816299999990;-52.441899999990;1.813;1.758;1.777;1.751;1.773;1.741;1.720;1.688;1.693;1.701;1.679;1.667
quevedos;4315321;-29.350400000000;-54.078899999990;2.762;2.751;2.744;2.755;2.697;2.668;2.621;2.659;2.603;2.692;2.660;2.721
quinze de novembro;4315354;-28.746500000000;-53.101100000000;3.730;3.731;3.753;3.709;3.787;3.859;4.018;4.105;4.169;4.206;4.239;4.301
redentora;4315404;-27.664000000000;-53.640700000000;10.486;10.598;10.648;10.775;10.867;10.914;10.784;10.720;10.697;10.830;10.980;11.129
relvado;4315453;-29.116399999990;-52.077800000000;2.196;2.148;2.153;2.165;2.137;2.175;2.156;2.157;2.133;2.182;2.198;2.234
restinga seca;4315503;-29.818800000000;-53.380699999990;16.162;15.931;15.775;15.618;15.577;15.325;15.386;15.300;15.499;15.449;15.523;15.571
rio dos indios;4315552;-27.297300000000;-52.841700000000;3.688;3.513;3.374;3.278;3.239;3.161;3.183;3.170;3.208;3.138;3.151;3.146
rio grande;4315602;-32.034900000000;-52.107100000000;201.332;202.812;203.013;204.863;207.651;211.081;212.235;211.484;210.610;209.407;208.815;208.227
rio pardo;4315701;-29.988000000000;-52.371099999990;38.374;38.261;37.926;37.623;37.881;38.129;38.816;38.746;38.436;38.043;37.986;38.075
riozinho;4315750;-29.638999999990;-50.448799999990;4.418;4.398;4.257;4.226;4.164;4.204;4.211;4.261;4.313;4.383;4.388;4.421
roca sales;4315800;-29.288399999990;-51.865800000000;10.485;10.626;10.723;10.762;10.839;10.925;11.379;11.563;11.993;12.251;12.621;12.758
rodeio bonito;4315909;-27.474200000000;-53.170600000000;5.862;5.889;5.911;5.940;6.010;6.083;6.130;6.287;6.371;6.494;6.670;6.790
rolador;4315958;-28.257670000000;-54.818640000000;2.593;2.589;2.546;2.518;2.484;2.478;2.435;2.423;2.460;2.480;2.531;2.551
rolante;4316006;-29.646200000000;-50.581899999990;19.889;19.821;19.865;20.051;20.426;20.565;20.766;20.848;21.291;21.628;21.934;22.108
ronda alta;4316105;-27.775800000000;-52.805599999990;10.431;10.428;10.401;10.292;10.176;10.172;10.124;10.130;10.176;10.309;10.310;10.358
rondinha;4316204;-27.831499999990;-52.908099999990;5.623;5.502;5.539;5.470;5.503;5.482;5.496;5.443;5.528;5.530;5.683;5.559
roque gonzales;4316303;-28.129700000000;-55.026600000000;7.346;7.372;7.180;7.126;6.973;6.970;6.843;6.981;6.986;6.986;6.860;6.875
rosario do sul;4316402;-30.251500000000;-54.922100000000;40.542;40.044;39.644;39.492;39.008;38.692;38.755;38.984;39.209;39.253;39.023;38.837
sagrada familia;4316428;-27.708500000000;-53.135100000000;2.649;2.597;2.609;2.567;2.554;2.588;2.593;2.623;2.667;2.673;2.686;2.649
saldanha marinho;4316436;-28.394100000000;-53.097000000000;2.920;2.936;2.873;2.865;2.804;2.815;2.840;2.839;2.857;2.863;2.895;2.922
salto do jacui;4316451;-29.095099999990;-53.213299999990;12.143;11.949;11.707;11.507;11.545;11.437;11.491;11.263;11.368;11.192;11.365;11.223
salvador das missoes;4316477;-28.123300000000;-54.837299999990;2.718;2.777;2.796;2.780;2.744;2.749;2.807;2.896;2.937;2.948;2.968;2.988
salvador do sul;4316501;-29.438600000000;-51.507700000000;6.881;6.843;6.984;6.910;7.010;7.126;7.313;7.447;7.543;7.573;7.574;7.603
sananduva;4316600;-27.946999999990;-51.807899999990;15.675;15.889;15.915;15.895;15.905;15.989;16.103;16.402;16.648;16.738;16.727;16.984
santa barbara do sul;4316709;-28.365300000000;-53.250999999990;9.007;8.894;8.863;8.781;8.860;8.869;8.791;8.686;8.559;8.501;8.446;8.429
santa cecilia do sul;4316733;-28.153700000000;-51.929600000000;1.690;1.683;1.716;1.704;1.715;1.687;1.682;1.699;1.713;1.741;1.715;1.739
santa clara do sul;4316758;-29.474699999990;-52.084299999990;5.806;5.829;5.901;6.198;6.346;6.592;6.646;6.867;6.874;6.981;7.008;7.056
santa cruz do sul;4316808;-29.722000000000;-52.434300000000;120.745;121.630;122.907;124.723;126.125;127.220;127.780;128.619;130.002;131.331;132.572;133.651
santa margarida do sul;4316972;-30.329599999990;-54.082299999990;2.399;2.414;2.427;2.468;2.496;2.564;2.571;2.549;2.464;2.475;2.564;2.606
santa maria;4316907;-29.686800000000;-53.814999999990;266.320;268.329;271.150;271.605;270.701;270.361;272.361;275.058;278.364;280.782;282.698;282.493
santa maria do herval;4316956;-29.490200000000;-50.991900000000;6.165;6.215;6.162;6.270;6.450;6.561;6.596;6.458;6.532;6.623;6.622;6.666
santa rosa;4317202;-27.870200000000;-54.479599999990;69.978;70.533;71.270;71.699;72.472;73.100;74.034;74.795;75.871;77.227;78.379;79.739
santa tereza;4317251;-29.165500000000;-51.735100000000;1.758;1.754;1.730;1.715;1.750;1.755;1.756;1.761;1.760;1.766;1.751;1.749
santa vitoria do palmar;4317301;-33.524999999990;-53.371699999990;31.648;31.656;31.284;31.439;31.438;31.780;31.674;31.563;31.208;30.976;30.830;30.723
santana da boa vista;4317004;-30.869700000000;-53.109999999990;8.412;8.311;8.177;8.079;8.075;7.962;7.887;7.850;7.854;7.943;7.811;7.819
santana do livramento;4317103;-30.887699999990;-55.531500000000;84.218;83.168;81.456;80.307;79.957;80.032;80.600;80.256;79.938;79.101;78.719;78.211
santiago;4317400;-29.189699999990;-54.866599999990;50.063;49.898;49.499;49.288;49.031;48.806;49.061;49.274;49.743;49.743;49.714;49.464
santo angelo;4317509;-28.300100000000;-54.266800000000;77.849;78.192;78.292;78.833;78.871;78.522;78.739;79.422;80.624;81.623;82.317;83.075
santo antonio da patrulha;4317608;-29.826799999990;-50.517499999990;40.499;40.807;41.149;41.665;41.788;42.048;42.407;42.702;42.929;42.982;43.351;43.838
santo antonio das missoes;4317707;-28.513999999990;-55.225099999990;11.439;11.244;11.090;10.974;10.767;10.632;10.559;10.638;10.809;10.851;10.886;10.875
santo antonio do palma;4317558;-28.495600000000;-52.026699999990;2.178;2.214;2.189;2.238;2.190;2.180;2.161;2.214;2.287;2.342;2.378;2.324
santo antonio do planalto;4317756;-28.403099999990;-52.699199999990;2.027;2.061;2.052;2.089;2.078;2.146;2.108;2.107;2.060;2.122;2.159;2.170
santo augusto;4317806;-27.852599999990;-53.777600000000;14.251;14.139;14.159;14.239;14.475;14.663;14.806;14.771;14.622;14.596;14.663;15.076
santo cristo;4317905;-27.826300000000;-54.661999999990;14.655;14.632;14.628;14.577;14.603;14.552;14.490;14.526;14.937;15.290;15.333;15.293
santo expedito do sul;4317954;-27.907399999990;-51.643300000000;2.506;2.465;2.442;2.430;2.468;2.496;2.496;2.505;2.517;2.484;2.455;2.503
sao borja;4318002;-28.657800000000;-56.003599999990;62.960;62.423;61.635;60.836;60.009;59.795;59.684;59.944;59.661;59.624;59.238;59.235
sao domingos do sul;4318051;-28.531199999990;-51.886000000000;2.981;3.005;3.010;2.957;2.971;2.949;3.008;3.046;3.042;3.065;3.048;3.111
sao francisco de assis;4318101;-29.554700000000;-55.125300000000;19.638;19.439;19.025;18.790;18.797;18.806;18.720;18.359;17.992;17.892;17.596;17.521
sao francisco de paula;4318200;-29.440400000000;-50.582799999990;20.991;20.916;20.991;20.917;20.793;20.758;20.972;21.088;21.109;21.026;20.956;20.954
sao gabriel;4318309;-30.333700000000;-54.321700000000;61.694;62.262;62.362;62.079;61.658;61.113;61.231;61.445;61.803;61.731;61.411;60.918
sao jeronimo;4318408;-29.971599999990;-51.725099999990;22.605;22.353;22.433;22.437;22.514;22.591;22.679;22.794;22.710;22.956;22.868;22.706
sao joao da urtiga;4318424;-27.819500000000;-51.825699999990;4.818;4.668;4.514;4.510;4.571;4.634;4.657;4.616;4.712;4.723;4.766;4.669
sao joao do polesine;4318432;-29.619399999990;-53.443899999990;2.682;2.710;2.736;2.720;2.719;2.688;2.690;2.681;2.730;2.780;2.783;2.828
sao jorge;4318440;-28.498400000000;-51.706400000000;2.827;2.771;2.726;2.628;2.664;2.683;2.707;2.674;2.673;2.696;2.694;2.701
sao jose das missoes;4318457;-27.778900000000;-53.122599999990;2.777;2.734;2.665;2.645;2.628;2.651;2.636;2.642;2.632;2.607;2.657;2.651
sao jose do herval;4318465;-29.052000000000;-52.295000000000;2.250;2.257;2.184;2.173;2.153;2.195;2.179;2.176;2.135;2.130;2.084;2.095
sao jose do hortencio;4318481;-29.527999999990;-51.245000000000;4.176;4.077;4.051;4.149;4.256;4.335;4.359;4.461;4.509;4.571;4.515;4.592
sao jose do inhacora;4318499;-27.725100000000;-54.127499999990;2.238;2.230;2.222;2.216;2.298;2.324;2.363;2.419;2.446;2.436;2.368;2.365
sao jose do norte;4318507;-32.015099999990;-52.033099999990;26.034;25.945;25.829;25.678;25.867;26.038;26.439;26.398;26.136;25.863;26.224;26.674
sao jose do ouro;4318606;-27.770700000000;-51.596600000000;7.042;7.099;7.150;7.169;7.124;7.122;7.034;7.103;7.125;7.225;7.164;7.045
sao jose do sul;4318614;-29.529000000000;-51.487099999990;2.122;2.153;2.158;2.130;2.131;2.162;2.270;2.331;2.418;2.448;2.456;2.487
sao jose dos ausentes;4318622;-28.747599999990;-50.067700000000;3.362;3.309;3.298;3.307;3.325;3.394;3.439;3.514;3.579;3.647;3.656;3.719
sao leopoldo;4318705;-29.754500000000;-51.149799999990;218.637;219.798;219.951;221.835;223.369;225.994;226.898;228.642;230.268;232.133;234.746;237.720
sao lourenco do sul;4318804;-31.356400000000;-51.971499999990;43.967;43.794;43.590;42.650;42.722;42.282;42.695;42.422;42.926;42.785;42.921;42.397
sao luiz gonzaga;4318903;-28.411999999990;-54.955900000000;35.270;35.211;35.008;34.824;34.653;34.904;35.132;35.176;34.998;35.370;35.947;36.593
sao marcos;4319000;-28.967700000000;-51.069600000000;20.503;20.406;20.496;20.672;21.047;21.334;21.407;21.358;21.181;21.329;21.560;21.922
sao martinho;4319109;-27.711200000000;-53.969900000000;5.885;5.927;6.002;5.977;5.844;5.815;5.856;5.939;6.017;6.006;6.090;6.129
sao martinho da serra;4319125;-29.539700000000;-53.859000000000;3.267;3.212;3.180;3.172;3.174;3.179;3.215;3.227;3.171;3.133;3.034;3.070
sao miguel das missoes;4319158;-28.556000000000;-54.555900000000;7.581;7.569;7.521;7.466;7.469;7.504;7.450;7.513;7.415;7.435;7.376;7.372
sao nicolau;4319208;-28.183399999990;-55.265400000000;5.846;5.753;5.732;5.624;5.550;5.418;5.422;5.478;5.435;5.398;5.378;5.461
sao paulo das missoes;4319307;-28.019500000000;-54.940399999990;6.486;6.347;6.376;6.262;6.188;6.031;6.029;5.990;6.093;6.083;6.065;6.047
sao pedro da serra;4319356;-29.419300000000;-51.513399999990;3.384;3.405;3.406;3.492;3.563;3.570;3.546;3.559;3.631;3.656;3.709;3.747
sao pedro das missoes;4319364;-27.773219999990;-53.250470000000;1.927;1.931;1.918;1.920;1.885;1.856;1.871;1.870;1.865;1.836;1.806;1.837
sao pedro do butia;4319372;-28.124300000000;-54.892600000000;2.929;2.932;2.889;2.888;2.974;2.984;2.996;2.995;3.050;3.161;3.158;3.210
sao pedro do sul;4319406;-29.620200000000;-54.185499999990;16.691;16.690;16.483;16.388;16.287;16.343;16.339;16.306;16.211;16.415;16.549;16.563
sao sebastiao do cai;4319505;-29.588500000000;-51.374899999990;22.383;22.264;22.354;22.548;23.085;23.452;23.796;23.827;23.931;23.935;24.198;24.429
sao sepe;4319604;-30.164300000000;-53.560299999990;24.275;24.136;23.807;23.313;23.217;23.105;22.884;22.961;22.965;23.101;22.948;22.870
sao valentim;4319703;-27.558299999990;-52.523699999990;3.703;3.689;3.655;3.644;3.638;3.657;3.689;3.646;3.629;3.575;3.517;3.447
sao valentim do sul;4319711;-29.045100000000;-51.768400000000;2.207;2.145;2.042;2.153;2.275;2.384;2.417;2.386;2.352;2.347;2.451;2.496
sao valerio do sul;4319737;-27.790600000000;-53.936799999990;2.709;2.792;2.908;3.003;3.007;2.978;2.954;2.962;2.997;2.997;3.019;3.032
sao vendelino;4319752;-29.372900000000;-51.367500000000;1.979;1.986;2.036;2.096;2.149;2.198;2.227;2.261;2.290;2.339;2.393;2.436
sao vicente do sul;4319802;-29.688199999990;-54.682600000000;8.613;8.552;8.401;8.410;8.418;8.412;8.381;8.364;8.191;8.090;7.988;7.971
sapiranga;4319901;-29.634899999990;-51.006500000000;76.613;77.155;77.567;77.945;78.407;79.235;79.850;80.430;81.192;82.111;82.555;82.852
sapucaia do sul;4320008;-29.827600000000;-51.145000000000;133.760;136.942;140.007;142.852;145.419;146.838;147.776;147.747;147.481;146.661;147.475;148.018
sarandi;4320107;-27.942000000000;-52.923099999990;21.725;21.801;21.840;21.869;22.107;22.499;22.735;23.135;23.438;24.015;24.306;24.808
seberi;4320206;-27.482900000000;-53.402600000000;11.121;11.212;10.993;10.979;11.041;11.317;11.445;11.605;11.795;12.046;12.234;12.466
sede nova;4320230;-27.636700000000;-53.949300000000;3.073;3.083;3.059;3.093;3.103;3.116;3.086;3.073;3.089;3.142;3.155;3.114
segredo;4320263;-29.352300000000;-52.976700000000;7.310;7.325;7.228;6.939;6.782;6.815;6.911;6.955;7.019;6.953;6.935;6.923
selbach;4320305;-28.629400000000;-52.949800000000;5.028;4.994;5.022;4.998;5.047;5.061;5.142;5.156;5.249;5.244;5.243;5.216
senador salgado filho;4320321;-28.025000000000;-54.550699999990;2.867;2.888;2.834;2.764;2.776;2.796;2.844;2.871;2.891;2.912;2.845;2.824
sentinela do sul;4320354;-30.610700000000;-51.586199999990;5.305;5.295;5.276;5.237;5.171;5.172;5.206;5.248;5.301;5.209;5.139;5.040
serafina correa;4320404;-28.712599999990;-51.935299999990;14.545;14.926;15.128;15.203;15.208;15.641;16.064;16.370;16.534;16.784;17.139;17.581
serio;4320453;-29.390400000000;-52.268500000000;2.323;2.317;2.251;2.217;2.188;2.182;2.130;2.174;2.173;2.146;2.116;2.123
sertao;4320503;-27.979800000000;-52.258800000000;6.416;6.401;6.317;6.340;6.205;6.166;6.106;6.172;6.195;6.208;6.200;6.196
sertao santana;4320552;-30.456199999990;-51.601700000000;5.970;5.972;5.967;5.981;6.010;6.020;6.002;6.147;6.225;6.247;6.136;6.081
sete de setembro;4320578;-28.136199999990;-54.463700000000;2.165;2.147;2.123;2.078;2.116;2.134;2.167;2.164;2.156;2.163;2.140;2.167
severiano de almeida;4320602;-27.436199999990;-52.121699999990;3.917;3.948;3.922;3.886;3.786;3.789;3.824;3.832;3.841;3.831;3.834;3.804
silveira martins;4320651;-29.646699999990;-53.591000000000;2.495;2.459;2.424;2.431;2.457;2.459;2.458;2.480;2.501;2.419;2.379;2.361
sinimbu;4320677;-29.535699999990;-52.530500000000;10.269;10.288;10.158;10.034;10.137;9.996;10.110;9.874;9.748;9.613;9.513;9.492
sobradinho;4320701;-29.419400000000;-53.032600000000;14.576;14.592;14.511;14.470;14.557;14.703;14.818;14.845;14.833;15.053;15.264;15.403
soledade;4320800;-28.830600000000;-52.513100000000;30.678;30.405;30.319;30.350;30.320;30.369;30.401;30.419;30.566;30.393;30.551;30.881
tabai;4320859;-29.643000000000;-51.682299999990;4.216;4.263;4.268;4.255;4.277;4.384;4.534;4.730;4.816;4.846;4.869;4.936
tapejara;4320909;-28.065200000000;-52.009700000000;19.635;19.965;20.394;20.851;21.380;22.192;22.788;23.251;23.776;24.291;24.898;25.473
tapera;4321006;-28.627700000000;-52.861199999990;10.663;10.697;10.836;10.721;10.770;10.845;11.037;11.104;11.139;11.080;11.155;11.319
tapes;4321105;-30.668299999990;-51.399099999990;16.990;16.913;17.072;17.043;17.122;17.038;16.927;16.928;16.654;16.347;16.080;16.082
taquara;4321204;-29.650500000000;-50.775300000000;55.803;56.013;56.440;57.647;58.465;58.872;58.695;58.630;58.709;58.787;58.657;58.402
taquari;4321303;-29.794300000000;-51.865299999990;26.639;26.583;26.502;26.632;26.799;27.172;27.366;27.053;26.877;26.439;26.665;26.906
taquarucu do sul;4321329;-27.400400000000;-53.470300000000;3.023;3.056;3.055;3.050;3.039;3.005;3.038;3.101;3.155;3.237;3.293;3.380
tavares;4321352;-31.284300000000;-51.088000000000;5.461;5.550;5.566;5.715;5.681;5.695;5.565;5.640;5.663;5.752;5.731;5.702
tenente portela;4321402;-27.371099999990;-53.758499999990;14.019;14.144;14.171;14.257;14.139;14.240;14.131;14.187;14.142;14.290;14.371;14.610
terra de areia;4321436;-29.578199999990;-50.064399999990;10.090;10.140;10.332;10.573;10.675;10.892;10.920;11.061;11.170;11.436;11.672;11.908
teutonia;4321451;-29.448200000000;-51.804400000000;27.824;28.592;29.523;29.987;30.405;30.821;31.336;31.895;32.620;33.548;34.316;35.083
tio hugo;4321469;-28.574040000000;-52.594900000000;2.778;2.843;2.871;2.889;2.894;2.884;2.928;2.933;3.037;3.049;3.150;3.199
tiradentes do sul;4321477;-27.402200000000;-54.081400000000;6.594;6.510;6.472;6.240;6.079;6.001;5.969;5.882;5.782;5.864;5.910;5.952
toropi;4321493;-29.478200000000;-54.224400000000;3.004;2.959;2.914;2.800;2.778;2.753;2.764;2.795;2.810;2.832;2.826;2.818
torres;4321501;-29.333400000000;-49.733300000000;35.371;35.769;36.430;36.606;37.120;37.635;38.727;39.425;40.289;40.906;41.722;42.390
tramandai;4321600;-29.984100000000;-50.132199999990;42.492;43.366;44.130;45.325;46.798;48.324;49.486;50.501;51.299;51.922;52.341;53.036
travesseiro;4321626;-29.297699999990;-52.053199999990;2.357;2.437;2.469;2.441;2.401;2.362;2.412;2.431;2.528;2.545;2.559;2.496
tres arroios;4321634;-27.500299999990;-52.144799999990;2.908;2.891;2.914;2.866;2.874;2.813;2.874;2.854;2.851;2.866;2.904;2.931
tres cachoeiras;4321667;-29.448699999990;-49.927500000000;10.427;10.539;10.503;10.514;10.627;10.841;11.033;11.135;11.246;11.382;11.428;11.466
tres coroas;4321709;-29.513700000000;-50.773899999990;24.352;24.769;25.154;25.231;25.412;25.705;25.904;25.942;26.046;26.387;26.700;26.643
tres de maio;4321808;-27.780000000000;-54.235700000000;24.189;24.272;24.226;24.358;24.452;24.497;24.535;24.855;25.416;25.860;26.269;27.040
tres forquilhas;4321832;-29.538399999990;-50.070799999990;2.971;2.973;2.937;2.946;2.919;2.936;2.929;2.950;2.951;2.952;3.014;3.077
tres palmeiras;4321857;-27.613900000000;-52.843699999990;4.474;4.440;4.441;4.512;4.583;4.596;4.601;4.702;4.754;4.800;4.854;4.971
tres passos;4321907;-27.455500000000;-53.929600000000;24.436;24.539;24.922;25.228;25.420;25.433;25.488;25.639;25.962;26.253;26.643;27.047
trindade do sul;4321956;-27.523900000000;-52.895600000000;5.907;5.813;5.808;5.779;5.852;5.892;6.043;6.087;6.132;6.149;6.187;6.370
triunfo;4322004;-29.929099999990;-51.707500000000;26.349;26.266;26.173;26.013;25.835;25.781;25.827;26.069;26.286;26.498;26.622;26.816
tucunduva;4322103;-27.657299999990;-54.443899999990;6.013;5.940;5.872;5.888;5.876;5.946;5.942;5.948;6.009;6.012;6.023;5.955
tunas;4322152;-29.103899999990;-52.953800000000;4.486;4.382;4.316;4.234;4.204;4.212;4.172;4.230;4.176;4.211;4.213;4.211
tupanci do sul;4322186;-27.924099999990;-51.538300000000;1.604;1.542;1.535;1.529;1.556;1.506;1.494;1.469;1.479;1.487;1.488;1.493
tupancireta;4322202;-29.085799999990;-53.844499999990;22.761;22.648;22.458;22.109;22.200;22.188;22.161;21.886;21.817;21.689;21.575;21.380
tupandi;4322251;-29.477200000000;-51.417400000000;4.005;4.190;4.269;4.305;4.368;4.480;4.677;4.790;4.917;5.060;5.176;5.263
tuparendi;4322301;-27.759799999990;-54.481400000000;8.709;8.617;8.556;8.474;8.505;8.404;8.467;8.452;8.583;8.565;8.598;8.637
turucu;4322327;-31.417300000000;-52.170600000000;3.598;3.573;3.527;3.599;3.699;3.777;3.823;3.806;3.721;3.689;3.587;3.599
ubiretama;4322343;-28.040400000000;-54.685899999990;2.336;2.324;2.377;2.314;2.289;2.266;2.235;2.203;2.144;2.151;2.137;2.171
uniao da serra;4322350;-28.783300000000;-52.023800000000;1.517;1.473;1.453;1.443;1.433;1.401;1.400;1.395;1.405;1.387;1.401;1.402
unistalda;4322376;-29.039999999990;-55.151699999990;2.497;2.466;2.442;2.389;2.368;2.340;2.331;2.327;2.348;2.350;2.276;2.244
uruguaiana;4322400;-29.761399999990;-57.085299999990;128.264;127.227;125.729;124.419;122.895;122.175;120.966;120.384;119.245;118.832;117.911;117.297
vacaria;4322509;-28.507899999990;-50.941800000000;62.676;63.210;63.861;63.968;64.182;64.887;65.640;66.110;66.131;66.527;67.139;67.543
vale do sol;4322533;-29.596699999990;-52.683900000000;11.303;11.305;11.212;11.449;11.476;11.622;11.450;11.192;11.046;11.025;10.984;10.982
vale real;4322541;-29.391900000000;-51.255899999990;5.224;5.269;5.262;5.261;5.356;5.477;5.592;5.661;5.801;5.916;6.083;6.111
vale verde;4322525;-29.786400000000;-52.185699999990;3.321;3.333;3.297;3.254;3.299;3.350;3.432;3.466;3.477;3.416;3.357;3.367
vanini;4322558;-28.475800000000;-51.844700000000;2.021;2.043;2.081;2.072;2.063;2.041;2.080;2.103;2.130;2.136;2.132;2.141
venancio aires;4322608;-29.614300000000;-52.193199999990;67.264;67.582;68.320;68.004;68.651;68.798;69.444;69.322;69.731;70.250;70.960;70.904
vera cruz;4322707;-29.718399999990;-52.515200000000;24.470;24.607;24.979;25.155;25.407;25.463;25.605;25.599;25.878;26.063;26.357;26.639
veranopolis;4322806;-28.931200000000;-51.551600000000;23.249;23.161;23.707;23.805;24.148;24.016;24.120;24.141;24.531;25.064;25.538;25.800
vespasiano correa;4322855;-29.065500000000;-51.862500000000;2.014;2.021;2.011;1.968;1.974;1.991;2.005;2.056;2.056;2.040;1.969;1.970
viadutos;4322905;-27.571600000000;-52.021099999990;5.409;5.376;5.371;5.298;5.336;5.215;5.236;5.175;5.177;5.159;5.075;5.052
viamao;4323002;-30.081900000000;-51.019399999990;244.610;244.530;244.344;245.974;246.923;247.067;246.942;245.864;244.699;241.560;239.243;235.638
vicente dutra;4323101;-27.160799999990;-53.402200000000;5.402;5.280;5.317;5.216;5.200;5.113;5.129;5.114;5.153;5.153;5.077;5.087
victor graeff;4323200;-28.563199999990;-52.749499999990;3.099;3.018;3.010;3.084;3.117;3.153;3.115;3.072;3.088;3.108;3.138;3.102
vila flores;4323309;-28.859800000000;-51.550400000000;3.267;3.316;3.395;3.373;3.376;3.397;3.426;3.527;3.589;3.623;3.588;3.593
vila langaro;4323358;-28.106200000000;-52.143799999990;2.191;2.145;2.110;2.081;2.104;2.095;2.115;2.095;2.080;2.124;2.129;2.130
vila maria;4323408;-28.535900000000;-52.148699999990;4.300;4.430;4.456;4.464;4.384;4.414;4.406;4.412;4.423;4.512;4.602;4.665
vila nova do sul;4323457;-30.346100000000;-53.875999999990;4.307;4.284;4.295;4.186;4.092;3.971;3.874;3.932;3.926;4.031;4.017;4.117
vista alegre;4323507;-27.368600000000;-53.491900000000;2.887;2.855;2.790;2.790;2.797;2.806;2.801;2.784;2.863;2.899;2.885;2.827
vista alegre do prata;4323606;-28.805199999990;-51.794600000000;1.601;1.598;1.578;1.539;1.582;1.630;1.677;1.645;1.648;1.704;1.721;1.746
vista gaucha;4323705;-27.290199999990;-53.697400000000;2.813;2.836;2.842;2.828;2.787;2.790;2.802;2.834;2.885;2.940;2.987;3.002
vitoria das missoes;4323754;-28.351600000000;-54.503999999990;3.554;3.436;3.453;3.403;3.415;3.448;3.383;3.439;3.389;3.438;3.397;3.405
westfalia;4323770;-29.374400000000;-51.746299999990;2.844;2.833;2.864;2.957;2.974;3.007;3.039;3.088;3.136;3.125;3.226;3.257
xangri-la;4323804;-29.806500000000;-50.051900000000;12.708;13.085;13.351;13.776;14.165;14.483;14.813;15.362;15.858;16.214;16.343;16.744
